{
    "accuracy": 0.907051282051282,
    "precision": 0.6756756756756757,
    "recall": 0.5952380952380952,
    "roc_auc_score": 0.8714089751126789
}
